{
  "official_standards": {
    "NNP": {
      "CHN": [255, 252, 120],
      "LUA": [255, 252, 130],
      "LUC": [255, 252, 140],
      "LUK": [255, 252, 150],
      "HNK": [255, 240, 180],
      "CLN": [255, 210, 160],
      "LNP": [170, 255, 50],
      "RDD": [110, 255, 100],
      "RPH": [190, 255, 30],
      "RSX": [180, 255, 180],
      "NTS": [170, 255, 255],
      "CNT": [230, 230, 130],
      "LMU": [255, 255, 254],
      "NKH": [245, 255, 180]
    },
    "PNN": {
      "ONT": [255, 208, 255],
      "ODT": [255, 160, 255],
      "TSC": [255, 170, 160],
      "CQA": [255, 120, 120],
      "CQP": [255, 100, 80],
      "CAN": [255, 80, 70],
      "DSN": [255, 160, 170],
      "CSK": [255, 160, 170],
      "SCC": [255, 170, 160],
      "TMD": [250, 170, 160],
      "SKC": [250, 170, 160],
      "SKS": [205, 170, 205],
      "CCC": [255, 170, 160],
      "DGT": [255, 170, 50],
      "DTL": [170, 255, 255],
      "DCT": [170, 255, 255],
      "DPC": [255, 170, 170],
      "DDD": [255, 170, 160],
      "DRA": [205, 170, 205],
      "DNL": [255, 170, 160],
      "DBV": [255, 170, 160],
      "DCH": [255, 170, 160],
      "DKV": [255, 170, 160],
      "TON": [255, 170, 160],
      "TIN": [255, 170, 160],
      "NTD": [210, 210, 210],
      "TVC": [180, 255, 255],
      "PNK": [255, 170, 160]
    },
    "CSD": {
      "CGT": [255, 255, 254],
      "BCS": [255, 255, 254],
      "DCS": [255, 255, 254],
      "NCS": [230, 230, 200],
      "MCS": [180, 255, 255]
    }
  },
  "ground_truth_corrections": {
    "13.974303, 107.985158": {
      "measured_rgb": [255, 215, 170],
      "official_meaning": "CLN (Perennial crops)",
      "actual_status": "ODT (Urban residential)",
      "note": "Significant discrepancy between map and reality"
    }
  }
}